"story_id","epic","title","user_role","description","business_value","priority","story_points","dependencies","acceptance_criteria","technical_tasks","definition_of_done"
"US-401","Core Transformation Engine & Sandbox","Execute transformation scripts in a secure sandbox","Security Officer","As a Security Officer, I want all user-provided transformation scripts to execute within a secure, isolated sandbox so that a malicious or poorly written script cannot compromise the system's stability, access sensitive resources, or cause a denial-of-service.","Protects the core application from instability and security threats posed by user-defined code, ensuring a reliable and secure multi-tenant or multi-user environment.","Must Have","8","[]","[{""scenario"":""Script attempts to access .NET CLR"",""given"":""the Jint sandbox is configured with CLR access disabled"",""when"":""a script attempts to access a .NET class like `System.IO.File`"",""then"":""the script execution fails and a security exception is thrown and logged.""},{""scenario"":""Script exceeds execution timeout"",""given"":""the sandbox is configured with a 5-second execution timeout"",""when"":""a script containing an infinite loop is executed"",""then"":""the script is terminated after 5 seconds and a timeout exception is thrown and logged.""},{""scenario"":""Script exceeds memory allocation limit"",""given"":""the sandbox is configured with a memory limit of 50MB"",""when"":""a script attempts to allocate a very large data structure exceeding this limit"",""then"":""the script is terminated and a memory limit exception is thrown and logged.""},{""scenario"":""Script exceeds statement count limit"",""given"":""the sandbox is configured with a maximum statement count of 10,000"",""when"":""a script executes more than 10,000 statements"",""then"":""the script is terminated and a statement count overflow exception is thrown and logged.""}]","[""Implement a .NET service to encapsulate the Jint engine."",""Configure Jint `Options` to set `MaxStatements`, `MemoryLimit`, `TimeoutInterval`, and `AllowClr(false)`."",""Load sandbox constraint values from `appsettings.json`."",""Implement exception handling to catch specific Jint security and constraint exceptions.""]","[""Code peer-reviewed with a focus on security."",""Unit tests for each constraint violation (timeout, memory, statement, CLR) are passing."",""Configuration for all sandbox limits is exposed in `appsettings.json`."",""Security violation events are correctly logged.""]"
"US-043","Transformation Script Management UI","Create and write a JavaScript transformation script","Administrator","As an Administrator, I want a dedicated interface in the Control Panel to create, name, write, and save JavaScript transformation scripts, so that I can manipulate and reshape the data ingested from a source to meet the specific requirements of my reports.","Enables powerful, flexible, on-the-fly data manipulation within the application, removing the need for upstream data preparation and significantly increasing the product's value and adaptability.","Must Have","5","[""US-405""]","[{""scenario"":""Successfully create and save a new transformation script"",""given"":""I am an Administrator on the 'Transformations' list page"",""when"":""I click 'Create New', enter a unique name, input valid JavaScript, and click 'Save'"",""then"":""the script is saved, a success notification is shown, and the new script appears in the list.""},{""scenario"":""Attempt to save a script with a duplicate name"",""given"":""a script named 'FormatUserData' already exists"",""when"":""I attempt to create another script with the name 'FormatUserData'"",""then"":""the save operation fails and an error message 'A transformation with this name already exists' is displayed.""},{""scenario"":""Attempt to save a script with no name or content"",""given"":""I am on the 'Create New Transformation' page"",""when"":""I click 'Save' without providing a name or script content"",""then"":""the save operation fails and validation messages for the required fields are displayed.""}]","[""Develop a React component for the script creation form."",""Implement a backend API endpoint (POST /api/v1/transformations) to handle script creation."",""Add server-side validation for name uniqueness and required fields."",""Integrate the Monaco Editor component for script input.""]","[""E2E test for creating a new script is passing."",""API endpoint is secured and requires 'Administrator' role."",""All validation rules (required, unique) are implemented and tested."",""Audit log entry is created upon successful creation.""]"
"US-044","Transformation Script Management UI","Edit an existing JavaScript transformation script","Administrator","As an Administrator, I want to edit and save changes to an existing JavaScript transformation script, so that I can adapt the data manipulation logic to new requirements, fix bugs, or respond to changes in source data formats.","Enables the maintenance and evolution of data processing logic, improving system maintainability and data accuracy over time without recreating configurations from scratch.","Must Have","5","[""US-043"",""US-402""]","[{""scenario"":""Successfully edit and save a script"",""given"":""I am on the script editor page for an existing script"",""when"":""I modify the JavaScript code and click the 'Save' button"",""then"":""the changes are saved, a new version of the script is created, and the 'Last Modified' timestamp is updated.""},{""scenario"":""Attempt to save a script with invalid syntax"",""given"":""I am on the script editor page and have introduced a syntax error"",""when"":""I click 'Save'"",""then"":""the save operation is prevented, and a syntax error is highlighted in the editor.""},{""scenario"":""Cancel editing with unsaved changes"",""given"":""I am on the script editor page and have made unsaved changes"",""when"":""I click 'Cancel'"",""then"":""a confirmation dialog is shown, and if I confirm, my changes are discarded and I am returned to the list page.""}]","[""Implement a backend API endpoint (PUT /api/v1/transformations/{id}) for updates."",""Implement transactional logic to create a new `TransformationScriptVersion` on each save."",""Develop the frontend state management to handle unsaved changes."",""Pre-populate the editor with the content of the active script version.""]","[""E2E test for editing and saving a script is passing."",""API endpoint is secured and requires 'Administrator' role."",""A new version is correctly created in the database upon saving."",""Audit log entry is created upon successful update.""]"
"US-045","Transformation Script Management UI","Validate the syntax of a transformation script in real-time","Administrator","As an Administrator, I want the transformation script editor to provide real-time syntax validation so that I can immediately identify and correct coding errors, preventing failed report jobs and improving my development efficiency.","Reduces configuration errors and troubleshooting time by providing immediate feedback on code quality, leading to more reliable report jobs and increased administrator productivity.","Should Have","5","[""US-043""]","[{""scenario"":""Invalid JavaScript syntax is detected"",""given"":""I am viewing the transformation script editor"",""when"":""I enter syntactically incorrect JavaScript code (e.g., a missing brace `}`)"",""then"":""the line with the error is visually highlighted with a red underline.""},{""scenario"":""Descriptive error tooltip is displayed"",""given"":""a syntax error is highlighted in the editor"",""when"":""I hover my mouse over the error indicator"",""then"":""a tooltip appears displaying a descriptive error message like 'Unexpected end of input'.""},{""scenario"":""Saving is disabled when syntax errors are present"",""given"":""the script editor contains code with a syntax error"",""when"":""I view the 'Save' button"",""then"":""the 'Save' button is disabled, and becomes enabled only after I correct the error.""}]","[""Integrate the Monaco Editor component into the React UI."",""Configure Monaco's built-in JavaScript language service and validation options."",""Implement state management to track the editor's validation status."",""Conditionally disable the 'Save' button based on the validation state.""]","[""Unit tests for the editor component verify that validation state is correctly managed."",""E2E test confirms that saving is blocked when a syntax error is present."",""Editor is performant and does not lag during normal typing."",""Accessibility requirements for error feedback are met.""]"
"US-046","Transformation Script Management UI","Preview transformation output with sample data","Administrator","As an Administrator, I want to provide my own sample JSON data and immediately preview the output of my transformation script, so that I can rapidly test, debug, and validate my script's logic without running a full report job.","Accelerates the development and debugging cycle for data transformations by providing an immediate feedback loop, which reduces errors in production report jobs.","Must Have","3","[""US-043""]","[{""scenario"":""Successful preview with valid script and sample JSON"",""given"":""I have entered a valid script and valid sample JSON in the editor panes"",""when"":""I click the 'Preview' button"",""then"":""the system executes the script and displays the correctly transformed, formatted JSON in the output pane.""},{""scenario"":""Preview with a script that has a runtime error"",""given"":""I have entered valid sample JSON and a script with a runtime error"",""when"":""I click the 'Preview' button"",""then"":""the system catches the exception and displays a detailed error message in the output pane, including the error type and line number.""},{""scenario"":""Preview with invalid sample JSON"",""given"":""I have entered a valid script and malformed JSON in the sample data pane"",""when"":""I click 'Preview'"",""then"":""the system displays a validation error indicating the sample data is not valid JSON and does not execute the script.""}]","[""Implement the three-pane resizable layout in React for editor, input, and output."",""Develop the frontend logic to call the backend preview API (POST /api/v1/transformations/preview)."",""Implement the backend API endpoint to receive the script and sample data, execute it via the Jint service, and return the result or error."",""Render the output as formatted JSON or a structured error message in the UI.""]","[""E2E test for a successful preview is passing."",""API endpoint handles both success and various error conditions correctly."",""UI correctly displays loading states, JSON output, and formatted error messages."",""The preview execution is subject to the sandbox timeout (US-048).""]"
"US-048","Transformation Script Management UI","Receive a timeout error for long-running script previews","Administrator","As an Administrator, I want the transformation script preview function to automatically stop and show an error if it runs for more than 15 seconds, so that my web browser does not freeze when I test a long-running or buggy script.","Improves UI stability and user experience by preventing browser freezes from long-running scripts and protects the server from resource exhaustion caused by runaway preview requests.","Should Have","3","[""US-046""]","[{""scenario"":""Script preview is terminated after exceeding timeout"",""given"":""I have a script designed to run for more than 15 seconds (e.g., an infinite loop)"",""when"":""I click the 'Preview' button"",""then"":""the script execution is terminated after 15 seconds, and an error message is displayed in the output pane stating that the execution timed out.""},{""scenario"":""UI remains responsive during a long-running preview"",""given"":""I have clicked 'Preview' for a script that is executing"",""when"":""the script is running (before completion or timeout)"",""then"":""the 'Preview' button is disabled and a visual loading indicator is displayed.""},{""scenario"":""A fast script completes without a timeout error"",""given"":""I have a script that executes in less than 15 seconds"",""when"":""I click 'Preview'"",""then"":""the transformed data is displayed correctly and no timeout error is shown.""}]","[""Implement a server-side timeout on the preview API endpoint using a `CancellationToken`."",""Configure the Jint execution service to respect the cancellation token."",""Catch the `OperationCanceledException` and return a specific HTTP status code or error payload (e.g., 408 Request Timeout)."",""Implement frontend state management to handle the loading state and display the specific timeout error.""]","[""Integration test for the API confirms that a long-running script is terminated and returns a timeout error."",""E2E test with an infinite loop script shows the correct timeout message in the UI."",""The UI correctly handles the loading state during the execution window.""]"
"US-402","Transformation Script Management UI","Manage script version history","Administrator","As an Administrator, I want to view the version history of a transformation script, compare any two versions, and revert to a previous version, so that I can track changes, troubleshoot issues, and safely roll back problematic updates.","Provides a complete audit trail and a critical recovery mechanism for configuration changes, significantly reducing the risk and impact of errors in data transformation logic.","Should Have","8","[""US-044""]","[{""scenario"":""View version history"",""given"":""a script has been saved multiple times"",""when"":""I navigate to the script's 'History' view"",""then"":""a list of all historical versions is displayed, including version number, timestamp, and the user who made the change.""},{""scenario"":""Compare two versions"",""given"":""I am viewing the version history"",""when"":""I select two different versions and click 'Compare'"",""then"":""a side-by-side visual diff view is displayed, highlighting the additions and deletions between the two script versions.""},{""scenario"":""Revert to a previous version"",""given"":""I am viewing the version history"",""when"":""I click the 'Revert' button for a historical version"",""then"":""a new version is created that is a copy of the selected historical version, and this new version becomes the active one.""}]","[""Implement backend API endpoints to list versions, fetch content for specific versions, and handle the revert action."",""Develop a React component to display the version history list."",""Integrate a diffing library (e.g., `react-diff-viewer` or Monaco Diff Editor) into the UI."",""Implement the transactional backend logic for the 'revert' operation.""]","[""E2E tests for viewing history, comparing versions, and reverting are passing."",""The diff view is performant for large scripts."",""All API endpoints are secured and require 'Administrator' role."",""Audit log entries are created for revert actions.""]"
"US-403","Security, Compliance, and Observability","Encrypt transformation scripts at rest","Security Officer","As a Security Officer, I want all transformation scripts containing potentially sensitive business logic to be encrypted at rest in the database, so that I can ensure compliance with data protection policies and prevent unauthorized viewing of the logic via direct database access.","Protects intellectual property and sensitive business logic stored in scripts, helping to meet enterprise security and compliance requirements.","Must Have","5","[""US-043""]","[{""scenario"":""Script content is not in plaintext in the database"",""given"":""a transformation script has been saved"",""when"":""I inspect the `TransformationScriptVersion` table in the SQLite database directly"",""then"":""the column containing the script content is not in human-readable plaintext.""},{""scenario"":""Application can decrypt and execute the script"",""given"":""a script is stored encrypted in the database"",""when"":""the application needs to execute the script for a report job or preview"",""then"":""the script is successfully decrypted in memory and executed without errors.""}]","[""Configure the .NET Data Protection APIs (DPAPI) in `Program.cs`."",""Implement a custom EF Core `ValueConverter` that uses `IDataProtector` to encrypt string properties on save and decrypt them on read."",""Apply the value converter to the `Content` property of the `TransformationScriptVersion` entity.""]","[""Integration tests confirm that data is written as ciphertext and read as plaintext."",""Code review verifies secure configuration and key management for DPAPI."",""Feature is transparent to the rest of the application and does not break existing functionality.""]"
"US-404","Security, Compliance, and Observability","Monitor transformation engine performance and health","DevOps Engineer","As a DevOps Engineer, I want the data transformation engine to expose key performance and health metrics via a Prometheus-compatible endpoint, so that I can monitor the service's operational health, set up alerts for anomalies, and diagnose performance issues.","Provides critical operational visibility, enabling proactive monitoring and faster incident response for production environments, which improves overall system reliability and uptime.","Should Have","3","[""US-401""]","[{""scenario"":""Accessing the metrics endpoint"",""given"":""the application is running"",""when"":""I make a GET request to the `/metrics` endpoint"",""then"":""the response is in the Prometheus text-based format and contains metrics for the transformation engine.""},{""scenario"":""Metrics are updated after script execution"",""given"":""the application is running"",""when"":""a transformation script is successfully executed"",""then"":""the `script_executions_total` counter is incremented and the `script_execution_duration_seconds` histogram is updated.""},{""scenario"":""Error metrics are updated on failure"",""given"":""the application is running"",""when"":""a script execution fails due to a timeout or runtime error"",""then"":""the `script_errors_total` counter or `script_timeouts_total` counter is incremented accordingly.""}]","[""Integrate the `prometheus-net.AspNetCore` NuGet package."",""Define custom metrics (Counters, Histograms) for key performance indicators."",""Instrument the `TransformationService` to update the metrics during script execution and error handling."",""Expose the `/metrics` endpoint via middleware.""]","[""Integration tests verify that executing scripts correctly updates all relevant metrics."",""The `/metrics` endpoint is documented for operational teams."",""Metrics follow standard Prometheus naming conventions.""]"
"US-405","Security, Compliance, and Observability","Enforce RBAC and audit logging for script management","Security Officer","As a Security Officer, I want all actions related to creating, updating, and deleting transformation scripts to be restricted to users with the 'Administrator' role and for every such action to be recorded in an immutable audit trail.","Enforces the principle of least privilege and provides a clear, unalterable record of all changes to business logic, which is essential for security compliance (e.g., SOC 2) and incident investigation.","Must Have","5","[]","[{""scenario"":""Non-administrator attempts to manage scripts"",""given"":""a user is authenticated with a 'Viewer' role"",""when"":""they attempt to call any of the script management API endpoints (POST, PUT, DELETE)"",""then"":""the API returns an HTTP 403 Forbidden response.""},{""scenario"":""Administrator successfully creates a script"",""given"":""an Administrator is authenticated"",""when"":""they successfully create a new transformation script"",""then"":""a new entry is created in the audit log with details of the action, user, timestamp, and entity.""},{""scenario"":""Administrator successfully updates a script"",""given"":""an Administrator is authenticated"",""when"":""they successfully update an existing transformation script"",""then"":""a new entry is created in the audit log detailing the update action.""}]","[""Apply `[Authorize(Roles = \""Administrator\"")]` attributes to all actions in the `TransformationsController`."",""Implement an audit logging service or middleware."",""Integrate calls to the audit logging service within the `TransformationService` for all CUD operations."",""Ensure the audit log includes user ID, source IP, timestamp, action type, and target entity ID.""]","[""Integration tests verify that API endpoints are correctly protected by RBAC."",""E2E tests confirm that performing CUD operations as an admin results in the creation of correct audit log entries."",""Audit log design is reviewed for compliance with SOC 2 / ISO 27001 objectives.""]"