"task_id","task_name","primary_skill","secondary_skills","complexity_level","estimated_hours","required_experience","productivity_factor","adjusted_hours","team_size","collaboration_required","dependencies","critical_path","skill_learning_curve","ramp_up_hours","resource_notes","alternative_approach","risk_factors","mitigation_strategy","quality_overhead","review_hours","documentation_hours","testing_coordination","integration_overhead"
"DTR-BE-01","Backend: Implement Core Jint Transformation Engine","Jint","C#,.NET,System.Text.Json","High","24","Senior","1.2","36","1","","","true","Medium","4","Requires deep understanding of Jint library internals and .NET/JS interop.","Use a different JS engine, but Jint is a hard requirement.","Performance limitations of Jint with large JSON objects.","Implement performance benchmark test early (DTR-BE-07).","3.6","2.4","1.2","2","2.8"
"DTR-BE-02","Backend: Implement Secure Jint Sandbox Constraints","Security","C#,Jint,.NET","High","32","Senior","1.3","48","1","true","DTR-BE-01","true","Low","2","Security-critical task. Requires meticulous implementation and testing of all constraints.","None. Sandbox is a core security requirement.","Potential for sandbox escape vulnerabilities in Jint library.","Formal security review; implement extensive negative testing.","4.8","3.2","1.6","4","2.4"
"DTR-BE-03","Backend: Implement Script CRUD API with Versioning","API Design","C#,ASP.NET Core,Entity Framework","High","40","Senior","1.2","60","1","true","","true","Low","","Requires robust database design for immutable versioning and transactional integrity.","Simpler versioning (e.g., full object copy) could be faster but less space-efficient.","Database performance with a large number of script versions.","Index version tables appropriately; design queries for performance.","6","4","2","4","4"
"DTR-FE-01","Frontend: Integrate Monaco Editor for Script Editing","React","TypeScript,Monaco Editor,UI/UX","Medium","32","Senior","1.1","48","1","","DTR-BE-03","true","Medium","8","Requires expertise in integrating complex third-party components into React.","Use a simpler editor like CodeMirror, but Monaco is a requirement.","Monaco editor bundle size impacting load performance.","Implement lazy loading for the editor component.","4.8","3.2","1.6","4","2.4"
"DTR-BE-04","Backend: Implement Preview API Endpoint with Timeout","API Design","C#,ASP.NET Core,Async Programming","High","24","Senior","1.2","36","1","true","DTR-BE-01","true","Low","","Requires careful management of CancellationTokens through the entire call stack, including Jint execution.","None. Timeout is a critical stability feature.","Long-running connector calls could block threads before timeout is triggered.","Ensure all I/O operations in the preview path are fully async and honor the CancellationToken.","3.6","2.4","1.2","2","2.8"
"DTR-BE-05","Backend: Implement Structured Script Error Handling","Exception Handling","C#,Jint,.NET","Medium","16","Mid","1","24","1","","DTR-BE-01","","Low","","Focus on extracting meaningful, user-friendly error details from Jint's exception objects.","Return raw exception message, but structured data is preferred.","Jint exceptions may not always provide line numbers for all error types.","Extensive testing with various script error types to ensure robust parsing.","2.4","1.6","0.8","2","1.6"
"DTR-FE-02","Frontend: Implement 3-Pane Preview UI","React","TypeScript,State Management,CSS","Medium","32","Mid","1","48","1","","DTR-FE-01,DTR-BE-04","true","Low","","Requires a resizable pane component library or custom implementation. State management for loading/error/success states is key.","Use a simpler, non-resizable layout, but this would be a UX downgrade.","Performance of rendering large JSON objects in the output pane.","Use a virtualized JSON viewer for the output pane.","4.8","3.2","1.6","4","2.4"
"DTR-FE-03","Frontend: Implement Version History & Visual Diff UI","React","TypeScript,UI/UX,Monaco Editor","High","40","Senior","1.2","60","1","true","DTR-BE-03","true","Medium","4","Integration of a diff viewer (e.g., Monaco Diff Editor) is the main challenge. Needs careful state management for version selection.","Use a text-based diff, but visual diff is a requirement.","Browser performance when diffing large scripts (RISK-005).","Technical spike to evaluate diff libraries before implementation.","6","4","2","4","4"
"DTR-FE-04","Frontend: Display Performance Warning in Report Config","React","TypeScript,UI/UX","Low","8","Mid","1","12","1","","","","None","","Simple conditional rendering task in an existing component.","None.","None.","None.","1.2","0.8","0.4","1","0.6"
"DTR-BE-06","Backend: Implement Prometheus Metrics Endpoint","DevOps","C#,ASP.NET Core,Prometheus","Medium","16","Mid","1","24","1","true","DTR-BE-01","","Medium","4","Requires instrumenting the Jint engine service to update counters and histograms.","Use a different monitoring system, but Prometheus is the requirement.","Metrics collection could add performance overhead.","Use efficient, thread-safe metric types and benchmark the overhead.","2.4","1.6","0.8","2","1.6"
"DTR-BE-07","Backend: Implement Comprehensive Security Audit Logging","Security","C#,Logging,Compliance","Medium","24","Senior","1.2","36","1","true","DTR-BE-02,DTR-BE-03","","Low","","Requires designing an audit log schema that meets SOC 2 / ISO 27001 objectives. Integration points are key.","Use basic text logging, but structured, immutable logging is required for compliance.","Audit logging failures could roll back primary transactions if not handled correctly.","Use an out-of-process or fire-and-forget logging mechanism for auditing.","3.6","2.4","1.2","2","2.8"
"DTR-DOCS-01","Documentation: Create User Guide and API Reference","Technical Writing","OpenAPI,Markdown","Medium","20","Mid","1","30","1","true","DTR-BE-03,DTR-BE-04","","Low","","Requires close collaboration with development team to ensure technical accuracy.","Rely on auto-generated Swagger docs alone, but a user guide is required.","Documentation becoming out of sync with last-minute code changes.","Include documentation updates in the Definition of Done for all feature tasks.","3","2","1","1","1"